target_name	acc	target_len	query_name	acc_2	query_len	full_evalue	full_score	full_bias	dom_num	of	dom_c-Evalue	dom_i-Evalue	dom_score	dom_bias	hmm_from	hmm_to	ali_from	ali_to	env_from	env_to	acc3
RelB	PF04221.12	83	PKPIACCI_00001	-	85	7.200000000000001e-16	57.9	0.0	1	1	4.5e-20	8e-16	57.8	0.0	5	69	7	70	3	82	0.82
BstA	-	285	PKPIACCI_00002	-	269	4.4000000000000006e-51	173.6	1.3	1	1	1.1999999999999999e-54	7.100000000000001e-51	172.9	1.3	137	284	113	261	99	262	0.94
KilA-N	PF04383.13	112	PKPIACCI_00002	-	269	1.4000000000000002e-25	89.3	0.0	1	2	1.9e-28	1.1e-24	86.4	0.0	7	111	16	112	11	113	0.89
KilA-N	PF04383.13	112	PKPIACCI_00002	-	269	1.4000000000000002e-25	89.3	0.0	2	2	0.09	540.0	0.5	0.1	74	101	208	237	181	268	0.63
Nucleolin_bd	PF16725.5	70	PKPIACCI_00002	-	269	0.13	11.9	0.0	1	1	4.8e-05	0.28	10.8	0.0	20	51	18	49	13	59	0.85
Rep_3	PF01051.21	222	PKPIACCI_00004	-	316	7.3e-49	166.6	2.1	1	1	5.699999999999999e-53	1e-48	166.1	2.1	1	222	2	226	2	226	0.94
Relaxase	PF03432.14	242	PKPIACCI_00005	-	359	3.2e-09	36.8	1.3	1	1	5.2e-13	4.7e-09	36.2	1.3	38	233	38	273	9	281	0.79
TSA	PF03249.13	511	PKPIACCI_00005	-	359	0.2	10.4	4.0	1	2	0.05	450.0	-0.7	0.0	308	329	110	131	58	139	0.8
TSA	PF03249.13	511	PKPIACCI_00005	-	359	0.2	10.4	4.0	2	2	6.6e-05	0.59	8.9	3.4	156	221	139	204	134	211	0.89
